{"IcoMoonType":"selection","icons":[{"icon":{"paths":["M231.219 386.458c22.323-22.835 53.402-24.627 80.691 0l200.090 191.846 200.090-191.846c27.29-24.627 58.419-22.835 80.589 0 22.323 22.784 20.89 61.286 0 82.688-20.787 21.402-240.384 230.502-240.384 230.502-11.11 11.418-25.702 17.152-40.294 17.152s-29.184-5.734-40.397-17.152c0 0-219.494-209.101-240.384-230.502-20.941-21.402-22.323-59.904 0-82.688z"],"attrs":[],"isMulticolor":false,"isMulticolor2":false,"tags":["chevron-down"],"grid":20},"attrs":[],"properties":{"id":34,"order":6,"prevSize":20,"code":59648,"name":"chevron-down"},"setIdx":0,"setId":3,"iconIdx":33},{"icon":{"paths":["M637.542 231.219c22.835 22.323 24.627 53.402 0 80.691l-191.846 200.090 191.846 200.090c24.627 27.29 22.835 58.419 0 80.589-22.784 22.323-61.286 20.89-82.688 0-21.402-20.787-230.502-240.384-230.502-240.384-11.418-11.11-17.152-25.702-17.152-40.294s5.734-29.184 17.152-40.397c0 0 209.101-219.494 230.502-240.384 21.402-20.941 59.904-22.323 82.688 0z"],"attrs":[],"isMulticolor":false,"isMulticolor2":false,"tags":["chevron-left"],"grid":20},"attrs":[],"properties":{"id":35,"order":7,"prevSize":20,"code":59649,"name":"chevron-left"},"setIdx":0,"setId":3,"iconIdx":34},{"icon":{"paths":["M469.146 231.219c21.402 20.89 230.502 240.384 230.502 240.384 11.418 11.213 17.152 25.805 17.152 40.397s-5.734 29.184-17.152 40.294c0 0-209.101 219.597-230.502 240.384-21.402 20.89-59.904 22.323-82.688 0-22.835-22.221-24.627-53.299 0-80.589l191.846-200.090-191.846-200.090c-24.627-27.29-22.835-58.419 0-80.691 22.784-22.323 61.286-20.941 82.688 0z"],"attrs":[],"isMulticolor":false,"isMulticolor2":false,"tags":["chevron-right"],"grid":20},"attrs":[],"properties":{"id":36,"order":8,"prevSize":20,"code":59650,"name":"chevron-right"},"setIdx":0,"setId":3,"iconIdx":35},{"icon":{"paths":["M792.781 637.542c-22.323 22.835-53.402 24.627-80.691 0l-200.090-191.846-200.090 191.846c-27.29 24.627-58.419 22.835-80.589 0-22.323-22.784-20.89-61.286 0-82.688 20.787-21.402 240.384-230.502 240.384-230.502 11.11-11.418 25.702-17.152 40.294-17.152s29.184 5.734 40.397 17.152c0 0 219.494 209.101 240.384 230.502 20.941 21.402 22.323 59.904 0 82.688z"],"attrs":[],"isMulticolor":false,"isMulticolor2":false,"tags":["chevron-up"],"grid":20},"attrs":[],"properties":{"id":45,"order":9,"prevSize":20,"code":59651,"name":"chevron-up"},"setIdx":0,"setId":3,"iconIdx":44},{"icon":{"paths":["M256 307.2h512l-256 460.8-256-460.8z"],"attrs":[],"isMulticolor":false,"isMulticolor2":false,"tags":["triangle-down"],"grid":20},"attrs":[],"properties":{"id":81,"order":2,"prevSize":20,"code":59652,"name":"triangle-down"},"setIdx":0,"setId":3,"iconIdx":80},{"icon":{"paths":["M716.8 256v512l-460.8-256 460.8-256z"],"attrs":[],"isMulticolor":false,"isMulticolor2":false,"tags":["triangle-left"],"grid":20},"attrs":[],"properties":{"id":82,"order":3,"prevSize":20,"code":59653,"name":"triangle-left"},"setIdx":0,"setId":3,"iconIdx":81},{"icon":{"paths":["M768 512l-460.8 256v-512l460.8 256z"],"attrs":[],"isMulticolor":false,"isMulticolor2":false,"tags":["triangle-right"],"grid":20},"attrs":[],"properties":{"id":83,"order":4,"prevSize":20,"code":59654,"name":"triangle-right"},"setIdx":0,"setId":3,"iconIdx":82},{"icon":{"paths":["M768 716.8h-512l256-460.8 256 460.8z"],"attrs":[],"isMulticolor":false,"isMulticolor2":false,"tags":["triangle-up"],"grid":20},"attrs":[],"properties":{"id":84,"order":5,"prevSize":20,"code":59655,"name":"triangle-up"},"setIdx":0,"setId":3,"iconIdx":83}],"height":1024,"metadata":{"name":"icomoon"},"preferences":{"showGlyphs":true,"showQuickUse":true,"showQuickUse2":true,"showSVGs":true,"fontPref":{"prefix":"icon-","metadata":{"fontFamily":"icomoon"},"metrics":{"emSize":1024,"baseline":6.25,"whitespace":50},"embed":false},"imagePref":{"prefix":"icon-","png":true,"useClassSelector":true,"color":0,"bgColor":16777215,"classSelector":".icon"},"historySize":50,"showCodes":true,"gridSize":16}}